code,name,account_type,reconcile
10000000,الموارد,income,False
11000000,الايرادات,income,False
11100000,الباب الاول - الضرائب,income,False
11110000,الضرائب على الدخول والارباح والمكاسب الرأسمالية,income,False
11110100,الضرائب على الدخول من التوظف,income,False
11110101,الضرائب على المرتبات المحلية,income,True
11110102,الضرائب على رواتب العاملين بالخارج,income,True
11110103,ضرائب الدمغة على الرواتب,income,True
11110104,رسم تنمية على المرتبات وما فى حكمها,income,True
11110200,الضرائب على دخول الافراد بخلاف التوظف,income,False
11110201,الضرائب على المهن غير التجارية,income,True
11110202,رسم تنمية على صافى المهن غير التجارية,income,True
11110203,ضرائب النشاط التجارى والصناعى,income,True
11110204,رسم تنمية على صافى أرباح النشاط التجارى والصناعى,income,True
11110205,نصيب المحليات من الضريبة على الأرباح التجارية والصناعية,income,True
11110206,ضرائب على الفائدة من السندات ( رؤوس أموال منقولة ),income,True
11110207,الضريبة العامة على الدخل,income,True
11110208,رسم تنمية على مايمنح لرؤساء وأعضاء مجالس الإدارة من مبالغ تدخل ضمن إيرادات رؤوس الأموال المنقولة,income,True
11110209,ايرادات أخرى,income,True
11110300,الضرائب على الارباح الرأسمالية,income,False
11110301,ضريبة الثروة العقارية,income,True
11110302,أخرى,income,True
11110303,ضريبة توزيعات وارباح راسمالية,income,True
11110304,ضريبة على اعادة التقييم بما فى ذلك حالات الاندماج والتقسيم والاستحواذ,income,True
11110400,الضريبة على ارباح شركات الاموال,income,False
11110401,من هيئة البترول والشريك الاجنبى,income,True
11110402,من قناة السويس,income,True
11110403,من البنك المركزى,income,True
11110404,باقى الشركات,income,True
11110405,رسم تنمية على صافى أرباح الجهات المنصوص عليها فى المادة(111) من القانون رقم (157) لسنة 1981,income,True
11110406,نصيب المحليات فى ضريبة قناة السويس,income,True
11110407,نصيب المحليات فى الضريبة على أرباح شركات الأموال,income,True
11110408,نصيب المحليات فى الصندوق المشترك,income,True
11110500,اخرى متنوعة,income,False
11110501,اخرى (تنشيط حصيلة),income,True
11120000,الضرائب على الممتلكات,income,False
11120100,ضرائب دوريه على الممتلكات,income,False
11120101,ضريبة الاراضى,income,True
11120102,ضريبة المبانى,income,True
11120103,ضرائب دورية على صافى الثروه,income,True
11120104,ضرائب على العقارات والمواريث والمنح,income,True
11120105,أخرى,income,True
11120200,ضرائب على العمليات المالية التجارية والرأسمالية,income,False
11120201,رسوم نقل الملكية,income,True
11120202,ضرائب أذون وسندات الخزانة,income,True
11120300,ضرائب ورسوم على السيارات,income,False
11120301,رسوم تنمية على السيارات ورخص القيادة,income,True
11120302,رسوم تنمية على السيارات الجديدة المنتجة محلياً وجميع السيارات المستوردة من الخارج,income,True
11120303,ضرائب ورسوم ذات صفة محلية على السيارات,income,True
11120304,ضرائب على السيارات الخاصة (تضمان اجتماعى),income,True
11130000,الضرائب على السلع والخدمات,income,False
11130100,الضريبة العامة على المبيعات,income,False
11130101,على السلع المحلية,income,True
11130102,على البضائع المستوردة,income,True
11130200,ضريبة المبيعات على الخدمات,income,False
11130201,الخدمات المقدمة فى الفنادق والمطاعم السياحية,income,True
11130202,خدمات التشغيل للغير,income,True
11130203,خدمات الاتصالات الدولية والمحلية,income,True
11130204,خدمات أخرى,income,True
11130300,"ضرائب على سلع جدول رقم ""1"" محلية",income,False
11130301,الشاى,income,True
11130302,السكر,income,True
11130303,مياه غازيه,income,True
11130304,بيره,income,True
11130305,تبغ وسجائر,income,True
11130306,منتجات بترولية,income,True
11130307,الكحول,income,True
11130308,الادوية,income,True
11130309,زيوت طعام نباتيه,income,True
11130310,زيوت وشحوم,income,True
11130311,اسمنت,income,True
11130312,الجعة (البيرة) الكحولية (ضريبة جدول + ضريبة قيمة مضافة ),income,True
11130313,محضرات عطور أو تطرية أو تجميل ومنتجات معدة للعناية بالجلد أو الشعر (ضريبة جدول +ضريبة قيمة مضافة ),income,True
11130314,المقرمشات والمنتجات المصنعة من دقيق والحلوى من عجين عدا الخبز بجميع أنواعه,income,True
11130315,البطاطس المصنعة (الشيبس وإبداله),income,True
11130316,الأسمدة والمبيدات الزراعية,income,True
11130317,الجبس,income,True
11130318,الصابون والمنظفات الصناعية للاستخدام المنزلى,income,True
11130319,التليفزيونات (أكبر من 32 بوصة ) ، الثلاجات (أكبر من 16 قدم) ، الديب فريز (ضريبة جدول +ضريبة قيمة مضافة ),income,True
11130320,أجهزة تكييف الهواء ووحداتها المستقلة (ضريبة جدول +ضريبة قيمة مضافة ),income,True
11130321,سيارات خاصة لنقل الأشخاص فى ملاعب الجولف ، وسيارات مماثلة (ضريبة جدول +ضريبة قيمة مضافة ),income,True
11130322,سيارات ركوب حتى 1600سم3 أو ذات المحركات الدوارة فيما عدا المركبات ذات الثلاث عجلات التى تعمل بمحرك دراجة نارية (ضريبة جدول +ضريبة قيمة مضافة ),income,True
11130323,سيارات ركوب سعة السلندرات 1601 حتى 2000 سم3 أو ذات المحركات الدوارة ، وسيارات نقل البضائع والأشخاص معاً وسيارات الجيب وسيارات رحلات ومعسكرات مجهزة للمعيشة ومقطورات مجهزة للرحلات (ضريبة جدول +ضريبة قيمة مضافة ),income,True
11130324,سيارات ركوب سعة السلندرات أكثر من 2000 سم 3 أو ذات المحركات الدوارة (ضريبة جدول +ضريبة قيمة مضافة ),income,True
11130325,المقاولات وأعمال التشييد والبناء (توريد وتركيب),income,True
11130326,نوع (26) النقل المكيف بين المحافظات ( أتوبيس - سكة حديد ),income,True
11130327,الخدمات المهنية والاستشارية عدا خدمات الحرفيين,income,True
11130328,الإنتاج الاعلامى والبرامجى ، والأفلام السينمائية ، والتليفزيونية ، والتسجيلية والوثائقية وأعمال الدراما التليفزيونية ، والإذاعة والمسرحية,income,True
11130329,خدمات الاتصالات عن طريق شبكات المحمول (ضريبة جدول +ضريبة قيمة مضافة ),income,True
11130400,"ضرائب على سلع جدول رقم ""1"" مستوردة",income,False
11130401,الشاى,income,True
11130402,السكر,income,True
11130403,مياه غازيه,income,True
11130404,بيره,income,True
11130405,تبغ وسجائر,income,True
11130406,منتجات بترولية,income,True
11130407,الكحول,income,True
11130408,الادوية,income,True
11130409,زيوت طعام نباتية,income,True
11130410,زيوت وشحوم,income,True
11130411,اسمنت,income,True
11130412,سيارات ركوب سعة السلندرات أكثر من 2000 سم 3 أو ذات المحركات الدوارة (ضريبة جدول +ضريبة قيمة مضافة),income,True
11130500,الضرائب على الخدمات الخاصة,income,False
11130501,ضرائب على تذاكر السفر للخارج ( تضامن اجتماعى ),income,True
11130502,رسم تنمية على تذاكر السفر إلى الخارج الصادرة فى مصر بالعملة المحلية,income,True
11130503,ضريبة الملاهى,income,True
11130504,الأتاوة على القمار,income,True
11130505,إيرادات غرامات وتعويضات قانون الضريبة على الدخل,income,True
11130506,مقابل التأخير فى الضرائب,income,True
11130507,اخرى متتوعة,income,True
11130600,ضرائب الدمغة (عدا دمغة الماهيات ),income,False
11130601,الدمغة على النماذج المدموغة وطوابع الدمغة,income,True
11130602,لدمغة على التأمين(القائم),income,True
11130603,الدمغة على المراهنات واليانصيب,income,True
11130604,الدمغة على أعمال البورصة,income,True
11130605,الدمغة على عقود اشتراكات المياه والنور والغاز والتليفون,income,True
11130606,الدمغة على استهلاك الغاز والكهرباء والبوتاجاز,income,True
11130607,الدمغة على الإعلانات,income,True
11130608,الدمغة على أوراق وزارة العدل,income,True
11130609,الدمغة على التصاريح والرخص الإدارية,income,True
11130610,الدمغة على بطاقات التموين,income,True
11130611,الدمغة على الشهادات والإقرارات,income,True
11130612,الدمغة على العقود وما فى حكمها,income,True
11130613,الدمغة على وثائق الأحوال الشخصية,income,True
11130614,الدمغة على وثائق الملاحة التجارية,income,True
11130615,الدمغة على محاضر الشركات,income,True
11130616,الدمغة على الأوراق التجارية,income,True
11130617,الدمغة على الإيصالات والمخالصات والفواتير,income,True
11130618,الدمغة على الأعمال والمحررات المصرفية وما فى حكمها,income,True
11130619,الدمغة على خدمات النقل,income,True
11130620,الدمغة على تأسيس الشركات,income,True
11130621,الدمغة على شهادات وكشوف الوزن,income,True
11130622,الدمغة على الموازين والأجهزة الحاسبة,income,True
11130623,دمغة متنوعة,income,True
11130700,رسم تنمية الموارد ( عدا ما يزيد على 18000 وعدا رسم التنميةعلى السيارات ),income,False
11130701,رسم تنمية على جوازات السفر,income,True
11130702,رسم تنمية على إقامة الأجانب وما يتعلق بها,income,True
11130703,رسم تنمية على طلب الحصول على الجنسية المصرية,income,True
11130704,رسم تنمية عند مغادرة أراضى الجمهورية,income,True
11130705,رسم تنمية على رخص السلاح,income,True
11130706,رسم تنمية على المحررات وباقى الأوعية الخاضعة لضريبة الدمغة النوعية,income,True
11130707,رسم تنمية على استخراج صور المحررات من مصلحة الشهر العقارى,income,True
11130708,رسم تنمية على شهادات الإعفاء من التجنيد,income,True
11130709,رسم تنمية على الشراء من الأسواق الحرة,income,True
11130710,رسم تنمية على الحفلات والخدمات الترفيهية التى تقام فى الفنادق والمحلات العامة السياحية,income,True
11130711,رسم تنمية على الشاليهات والكباين والأكشاك التى تقع فى المصايف والمشاتى أيا كان نوعها,income,True
11130712,رسم تنمية على موارد أخرى,income,True
11130713,رسم تنمية على المحاجر,income,True
11130714,رسم تنمية على خدمات المحمول,income,True
11130715,رسم تنمية على عقود شراء أو بيع أو إعارة أو تجديد أو غيرها من عقود اللاعبين الرياضيين مصرين أو أجانب وعقود الأجهزة الفنية والإدارية والمديرين الفنيين مصريين أو أجانب لأي لعبة رياضية,income,True
11130716,رسم تنمية على تراخيص شركات الخدمات الرياضية المنشأة طبقاً لقانون الرياضة,income,True
11130717,رسم تنمية على أغذية الكلاب والقطط والطيور الأليفة للزينة,income,True
11130718,رسم تنمية على منتج البنزين بأنواعه ومنتج السولار,income,True
11130719,رسم تنمية على أجهزة التليفون المحمول وأجزاءه وجميع الأكسسوارات الخاصة به,income,True
11130720,رسم تنمية على التبغ الخام أو غير المصنع وفضلات التبغ بكل أشكاله,income,True
11130721,رسم تنمية على جميع أنواع الحديد تام الصنع الوارد من الخارج سواء من خلائط أو غير خلائط,income,True
11130722,"رسم تنمية (2,5%) من قيمة فاتورة الإنترنت للشركات والمنشآت التجارية",income,True
11130723,شرة فى المائة من قيمة الفاتورة للأغراض الجمركية مضافا إليها الضريبة الجمركية,income,True
11130800,ضرائب على استخدام السلع والترخيص باستخدامها وتأدية الانشطة,income,False
11130801,الاتاوة على قناة السويس,income,True
11130802,الاتاوة على استخدام الطريق النهرى,income,True
11130803,رسوم ترخيص العمل للاجانب,income,True
11130804,إيرادات ورسوم ذات صفة محلية,income,True
11130805,المصروفات الادارية للعمليات الاستيرادية,income,True
11130806,رسوم العبور (سوميد),income,True
11130807,رسوم الموانى والمنائر,income,True
11130808,رسوم الاجراءات القنصلية,income,True
11130809,رسوم حليج الاقطان,income,True
11130810,رسوم على جوازات السفر,income,True
11130811,رسوم تصاريح العمل,income,True
11130812,رسوم تحقيق الشخصية,income,True
11130813,رسم صادر على الصادارات,income,True
11140000,ضرائب التجارة الدولية,income,False
11140100,ضرائب على الواردات,income,False
11140101,ضرائب جمركية قيمية,income,True
11140102,ضرائب جمركية على السجائر والتبغ والدخان,income,True
11140200,الضرائب على التجارة الدولية أخرى,income,False
11140201,الضرائب على الصادرات,income,True
11140202,ارباح الشركات المحتكرة للسلع المستوردة أو المصدرة,income,True
11140203,نصيب المحليات فى الضريبة على الصادرات والواردات,income,True
11140204,الضريبة الجمركية المخصصة لدعم النقل البحرى,income,True
11140205,إيرادات الغرامات,income,True
11140206,إيرادات المضبوطات,income,True
11140207,اخرى,income,True
11150000,ضرائب أخرى,income,False
11150100,على الاعمال التجارية,income,False
11150101,ايرادات رؤوس أموال منقولة من البنك المركزى,income,True
11150102,ايرادات رؤوس أموال منقولة من جهات اخرى,income,True
11150103,نصيب المحليات فى الضريبة على رؤوس الأموال المنقولة,income,True
11150104,الضرائب على عوائد أذون الخزانة,income,True
11150105,المحصل من مقابل الاعفاءات الضريبية,income,True
11150200,المتحصلات بالوسائل الإلكترونية,income,False
11150201,متحصلات الكترونية عن اذون تسوية,income,True
11150202,متحصلات الكترونية اخرى,income,True
11200000,لباب الثانى - المنح,income,False
11210000,منح من حكومات أجنبية,income,False
11210100,جارية,income,False
11210101,اخرى,income,True
11210200,رأسمالية,income,False
11210201,لتمويل الأستثمارات,income,True
11210202,أخرى,income,True
11220000,منح من منظمات دولية,income,False
11220100,جارية,income,False
11220101,اخرى,income,True
11220200,رأسمالية,income,False
11220201,لتمويل الأستثمارات,income,True
11220202,أخرى,income,True
11230000,منح من جهات حكومية,income,False
11230100,جارية,income,False
11230101,اخرى,income,True
11230200,رأسمالية,income,False
11230201,لتمويل الأستثمارات,income,True
11230202,أخرى,income,True
11300000,لباب الثالث - الإيرادات الأخرى,income,False
11310000,عوائد الملكية,income,False
11310100,الفوائد المحصلة,income,False
11310101,على السندات,income,True
11310102,على الإقراض,income,True
11310103,على إعادة الإقراض من القروض الخارجية المعاد أقراضها من الخزانة العامة,income,True
11310104,فوائد دائنة,income,True
11310105,أخرى,income,True
11310200,أرباح الأسهم,income,False
11310201,شركات القطاع الخاص,income,True
11310202,الهيئات الأقتصادية,income,True
11310203,البنك المركزى,income,True
11310204,شركات القطاع العام,income,True
11310205,شركات قطاع الأعمال العام,income,True
11310206,هيئة البترول,income,True
11310207,قناة السويس,income,True
11310208,أرباح أوراق مالية,income,True
11310300,عائد الإيجارات,income,False
11310301,اتاوة البترول,income,True
11310302,إيجار أراضى حكومية,income,True
11310303,إيرادات المناجم,income,True
11310304,إيرادات المرافق التى تديرها المحليات,income,True
11310305,إيرادات استغلال الأراضى السياحية,income,True
11310306,أخرى (من هيئة البترول),income,True
11310307,اتاوة الذهب,income,True
11310400,عوائد ملكية أخرى,income,False
11310401,الرخصة الثالثة للمحمول,income,True
11310402,الجيل الثالث للمحمول,income,True
11310403,مقابل منح تراخيص الأسمنت,income,True
11310404,رخصة التليفون الثابت,income,True
11310406,رخصة الجيل الرابع للمحمول,income,True
11320000,حصيلة بيع السلع والخدمات,income,False
11320100,إيرادات الخدمات,income,False
11320101,رسوم قضائية وغرامات (خدمات العدالة عدا رسوم نقل الملكية),income,True
11320102,رسوم قيد وتسجيل ورقابة واشراف,income,True
11320103,الخدمات الجمركية,income,True
11320104,الخدمات الزراعية,income,True
11320105,الخدمات التعليمية,income,True
11320106,الخدمات الصحية,income,True
11320107,الخدمات الثقافية,income,True
11320108,خدمات الاسكان والتعمير,income,True
11320109,الخدمات الاجتماعية,income,True
11320110,الخدمات التموينية,income,True
11320111,خدمات القوى العاملة,income,True
11320112,خدمات الطرق والمواصلات,income,True
11320113,خدمات الشباب والرياضة,income,True
11320114,الخدمات البيطرية,income,True
11320115,خدمات التنظيم والادارة,income,True
11320116,التخطيط الاقليميى,income,True
11320117,الخدمات السياحية,income,True
11320118,خدمات الضرائب العقارية,income,True
11320119,مبيعات بضائع,income,True
11320120,ايرادات المشروعات الانتاجية,income,True
11320121,ايجار المرافق العامة,income,True
11320122,ايجار المبانى الحكومية,income,True
11320123,مقابل الاشراف والادارة على الشركات,income,True
11320124,ارباح تشغيل العملة التذكارية,income,True
11320125,موارد جارية من الصناديق والحسابات الخاصة,income,True
11320126,المحصل مقابل تأدية خدمات,income,True
11320127,مقابل تأدية أعمال بعض المصالح للمصالح الأخرى,income,True
11320128,إيرادات البرامج التدريبية,income,True
11320129,عمولة تحصيل,income,True
11320130,أخـــرى,income,True
11320131,حصيلة وزارة المالية من اجمالى ايرادات الصناديق و الحسابات الخاصة,income,True
11320132,مقابل خدمات سلطة التصديق الإلكترونى الحكومية,income,True
11320133,حصيلة منح الجنسية المصرية,income,True
11320134,مبالغ محصلة من الجهات الغير داخلة في الموازنة العامة للدولة مقابل ضمان وزارة المالية لها,income,True
11320135,حصة الخزانة العامة من حصيلة الاربعون قرش المخصصة للهيئة العامة للتأمين الصحي,income,True
11320200,إيرادات بيع السلع,income,False
11320201,حصيلة بيع المخزون السلعى,income,True
11320202,حصيلة فروق أسعار بيع الغاز الطبيعى,income,True
11320300,المتحصلات بالوسائل الالكترونية,income,False
11320301,متحصلات الكترونية عن اذون تسوية,income,True
11320302,متحصلات الكترونية اخرى,income,True
11330000,جموعة 3 تعويضات وغرامات,income,False
11330100,غرامات العقوبات والمصادرات,income,False
11330101,ايرادات النقد المصادر,income,True
11330102,حصيلة الاموال المستردة,income,True
11330103,التعويضات الناتجة عن المخالفات,income,True
11330104,تعويضات عن الممارسات الضارة فى التجارة الدولية,income,True
11330105,حصيلة صندوق الغرامات والجزاءات,income,True
11330106,حصيلة الغرامات,income,True
11330107,أخرى,income,True
11340000,التحويلات الاختيارية,income,False
11340100,جارية,income,False
11340101,فائض لجنة المساعدات,income,True
11340102,ايرادات انشطة مختلفة,income,True
11340200,رأسمالية,income,False
11340201,مساعدات وتبرعات محلية لتمويل الأستثمارات,income,True
11340202,مساعدات وتبرعات خارجية لتمويل الأستثمارات,income,True
11340203,أخرى,income,True
11350000,ايرادات متنوعة,income,False
11350100,جارية,income,False
11350101,مبالغ معلاه دائنة مضت عليها المدة القانونية,income,True
11350102,ايرادات سنوات سابقة,income,True
11350103,مقابل اشتراك العاملين بالسيارات,income,True
11350104,ايرادات أسواق,income,True
11350105,ايرادات غرامات المبانى,income,True
11350106,أخرى,income,True
11350107,حصيلة المبالغ الزائدة عن الحد الأقصى لدخول العاملين,income,True
11350108,حصيلة التصالح في مخالفات البناء وتقنين أوضاعها,income,True
11350200,رأسمالية,income,False
11350201,نقص الرصيد المدين للدفعات المقدمة للأستثمارات,income,True
11350202,موارد ومصادر رأسمالية أخرى,income,True
11350203,حصيلة بيع أصول غير انتاجية (أراضى),income,True
11350204,حصيلة بيع أصول انتاجية (مساكن وسيارات وغيرها),income,True
11350205,ايرادات رأسمالية أخرى,income,True
12000000,المتحصلات من الحيازة,income,False
12400000,لباب الرابع المتحصلات من الإقراض ومبيعات الاصول المالية وغيرها من الاصول,income,False
12410000,متحصلات الاقراض ومبيعات الاصول المالية المحلية,income,False
12410100,متحصلات من أوراق  مالية بخلاف الأسهم,income,False
12410101,سندات,income,True
12410102,أذون,income,True
12410103,أخرى,income,True
12410200,أقساط محصلة من الاقراض,income,False
12410201,من بنك الاستثمار,income,True
12410202,من الهيئات الاقتصادية,income,True
12410203,من الشركات القابضة,income,True
12410204,من شركات قطاع الاعمال العام,income,True
12410205,من شركات القطاع العام,income,True
12410206,من أقساط القروض الخارجية المعاد إقراضها من الخزانة العامة,income,True
12410207,من الجهات الأخرى,income,True
12410300,المتحصلات من بيع الاصول وحقوق الملكية,income,False
12410301,من بنك الاستثمار,income,True
12410302,من هيئات اقتصادية,income,True
12410303,من شركات قابضة,income,True
12410304,من شركات قطاع أعمال عام,income,True
12410305,من شركات قطاع عام,income,True
12410306,من جهات أخرى,income,True
12410400,الخصخصة,income,False
12410401,حصيلة الخصخصة,income,True
12420000,متحصلات الاقراض ومبيعات الاصول المالية الإجنبية,income,False
12420100,متحصلات اوراق مالية بخلاف الاسهم,income,False
12420101,سندات,income,True
12420102,أذون,income,True
12420103,اخرى,income,True
12420200,أقساط محصلة من الاقراض,income,False
12420201,من الجهات الاخرى,income,True
12420300,المتحصلات من بيع الاصول وحقوق الملكية,income,False
12420301,من الجهات الاخرى,income,True
13000000,مصادر التمويل,income,False
13500000,الباب الخامس - الاقتراض وإصدار الأوراق المالية بخلاف الأسهم,income,False
13510000,الاقتراض واصدار الاوراق المالية المحلية,income,False
13510100,أصدار أوراق مالية بخلاف الاسهم,income,False
13510101,سندات على الخزانة العامة,income,True
13510102,اذون على الخزانة العامة,income,True
13510103,اخرى,income,True
13510200,الاقتراض,income,False
13510201,من بنك الاستثمار القومى لتمويل الاستثمارات,income,True
13510202,من بنك الاستثمار القومى لتمويل اغراض اخرى,income,True
13510203,قروض خارجية معاد اقراضها عن طريق الخزانة,income,True
13510204,اقتراض لتمويل الاستثمارات,income,True
13510205,اقتراض من مصادر اخرى,income,True
13520000,الاقتراض واصدار الاوراق المالية الاجنبية,income,False
13520100,أصدار أوراق مالية بخلاف الاسهم,income,False
13520101,سندات على الخزانة العامة,income,True
13520102,اذون على الخزانة العامة,income,True
13520103,اخرى,income,True
13520200,الاقتراض,income,False
13520201,لتمويل الاستثمارات,income,True
13520202,لتمويل التزامات اخرى,income,True
13520203,لتمويل التزامات جارية,income,True
14000000,الموارد الداخلية,income,False
14900000,مويل الخزانة العامة,income,False
14910000,تحويلات من الخزانة العامة,income,False
14910100,تمويل الاستخدامات,income,False
14910101,المنصرف بمعرفة وحدة الخزانة العامة,income,True
20000000,لإستخدامات,expense,False
21000000,المصروفات,expense,False
21100000,الأجور وتعويضات العاملين,expense,False
21110000,الاجوروالبدلات النقدية والعينية,expense,False
21110100,الوظائف الدائمة,expense,False
21110101,المرتبات الأساسية,expense,True
21110102,تكاليف المعارين و تتحمل الموازنة مرتباتهم,expense,True
21110103,تكاليف الإجازات الدراسية,expense,True
21110104,تكاليف المنح التدريبية,expense,True
21110105,الأجر الوظيفى,expense,True
21110106,تكاليف أجور ومرتبات المخاطبين بأحكام القانون رقم (28) لسنة 2018,expense,True
21110200,الوظائف المؤقتة,expense,False
21110201,المكافآت الشاملة (خبراء وطنيين),expense,True
21110202,المكافآت الشاملة (خبراء واجانب),expense,True
21110203,أجور موسميين,expense,True
21110204,مكافآت الصبية,expense,True
21110205,مكافآت اطباء امتياز و اخصائى علاج طبيعى,expense,True
21110206,مكافآت الاساتذه المتفرغين,expense,True
21110207,مكافآت الاساتذه غير المتفرغين,expense,True
21110208,مكافآت مساعدى ومعاونى الوزراء,expense,True
21110300,المكافآت,expense,False
21110301,تعويض العاملين عن جهود غير عادية,expense,True
21110302,المكافآت التشجيعية,expense,True
21110303,تكاليف حافز الإثابة,expense,True
21110304,حوافز العاملين بالكادر العام,expense,True
21110305,حوافز العاملين بالكادرات الخاصة,expense,True
21110306,الحافز المالى الإضافى,expense,True
21110307,حوافز العلميين,expense,True
21110308,حافز جذب العمالة,expense,True
21110309,حافز تميز (ماجستير ودكتوراه),expense,True
21110310,مكافآت التدريس,expense,True
21110311,مكافآت الريادة العلمية و الاجتماعية,expense,True
21110312,مكافآت البحوث الاكاديمية و التطبيقية,expense,True
21110313,مكافآت الاشراف على الرسائل العلمية,expense,True
21110314,مكافآت الامتحانات,expense,True
21110315,مكافآت التصحيح,expense,True
21110316,مكافآت حضور جلسات و لجان,expense,True
21110317,مكافآت طوارئ للعسكريين,expense,True
21110318,مكافآت التدريب,expense,True
21110319,مكافآت محو الامية,expense,True
21110320,مكافآت ساعات البحث الزائدة عن النصاب,expense,True
21110321,مكافآت اخرى,expense,True
21110322,تكاليف حافز اثابة اضافى,expense,True
21110323,حوافز أداء المعلمين,expense,True
21110324,حافز جودة,expense,True
21110325,مكاقات المستشارين,expense,True
21110326,الحافز التعويضى,expense,True
21110327,حافز الميكنة وتحديث البيانات,expense,True
21110328,حافز اضافى,expense,True
21110329,حافز تكميلى للحد الأدنى,expense,True
21110330,حافز تطوير التعليم قبل الجامعى,expense,True
21110331,حافز الإدارة المدرسية,expense,True
21110400,بدلات نوعية,expense,False
21110401,بدل تمثيل الوظائف العليا,expense,True
21110402,بدل تمثيل لموظفين بالخارج,expense,True
21110403,بدل تمثيل لموظفين فنيين,expense,True
21110404,بدل طبيعة عمل للاطباء,expense,True
21110405,بدل تسجيل الاطباء المقيمين,expense,True
21110406,بدل حرمان للصيادلة و الحكيمات و المولدات و الممرضات و الزائرات الصحيات و المفتشات,expense,True
21110407,بدل عدوى ووقاية من الاشعة,expense,True
21110408,بدل تفرغ للمهندسين,expense,True
21110409,بدل تفرغ للمحامين,expense,True
21110410,بدل تفرغ لموظفين فنيين,expense,True
21110411,بدل تفرغ للمهندسين الزراعيين,expense,True
21110412,بدل تفرغ للاطباء البيطريين,expense,True
21110413,بدل تفرغ للتجاريين,expense,True
21110414,بدلات عسكرية,expense,True
21110415,بدل طبيعة عمل,expense,True
21110416,بدل تفتيش,expense,True
21110417,بدل امتياز,expense,True
21110418,بدل عمادة ووكالة و رئاسة قسم,expense,True
21110419,بدل صيارف و تحصيل و بدل عجز للصيارف,expense,True
21110420,بدل اختزال,expense,True
21110421,بدل خطر,expense,True
21110422,بدل لمكافحة المخدرات,expense,True
21110423,بدل سماعة للتليفون و اللاسلكى,expense,True
21110424,بدل غطاسة,expense,True
21110425,بدل قيادة,expense,True
21110426,بدل صناعة,expense,True
21110427,بدلات مهنية وفنية اخرى,expense,True
21110428,بدل اقامة بالجهات النائية,expense,True
21110429,بدل قرية للاخصائيين و الحكيمات و الباحثين الاجتماعيين,expense,True
21110430,بدل سودان,expense,True
21110431,بدل اغتراب,expense,True
21110432,بدل مناخ,expense,True
21110433,بدل سكن فى الداخل و الخارج,expense,True
21110434,بدل ماجستير ودكتوراه,expense,True
21110435,بدل بحث,expense,True
21110436,بدل استقبال و ضيافة,expense,True
21110437,بدل مراسلة,expense,True
21110438,بدل أغذية,expense,True
21110439,بدل ملابس,expense,True
21110440,بدل انتقال نقدى ثابت ونظير عدم تخصيص سيارات ركوب حكومية,expense,True
21110441,بدل قضاء,expense,True
21110442,بدل جامعة,expense,True
21110443,بدل يخص العلاقات الثقافية والتعاون الخارجى,expense,True
21110444,بدل تفرغ فنانين تشكيليين,expense,True
21110445,بدل معلم (تدريس),expense,True
21110446,بدل اعتماد (معلمين),expense,True
21110447,بدلات مختلفة أخرى,expense,True
21110448,بدل مخاطر مهن طبية,expense,True
21110449,بدل تمثيل إضافى,expense,True
21110500,مزايا نقدية,expense,False
21110501,اعانة غلاء المعيشة,expense,True
21110502,علاوة اجتماعية,expense,True
21110503,علاوة اجتماعية اضافية,expense,True
21110504,تكاليف تعويض العاملات بما يعادل 25% من المرتب الشهرى,expense,True
21110505,العلاوة الخاصة,expense,True
21110506,المنحة الشهرية,expense,True
21110507,مزايا نقدية أخرى,expense,True
21110508,علاوة الحد الأدنى,expense,True
21110509,علاوة مقابل الأعباء الوظيفية للمعلمين,expense,True
21110510,تكاليف المقابل النقدى لرصيد الاجازات الاعتيادية,expense,True
21110511,غلاء معيشة إستثنائية,expense,True
21110512,الحد الأدنى للحزمة الإجتماعية,expense,True
21110513,"علاوة الحد الأدنى للأجور من حاملي الشهادة العلمية ""ماجستير ودكتوراة""",expense,True
21110600,المزايا العينية,expense,False
21110601,أغذية للعاملين,expense,True
21110602,ملابس للعاملين,expense,True
21110603,علاج طبى للعاملين,expense,True
21110604,خدمات اجتماعية ورياضية للعاملين,expense,True
21110605,اخرى,expense,True
21120000,المزايا التأمينية,expense,False
21120100,حصة الحكومة فى صندوق التأمين الاجتماعى للحكومة,expense,False
21120101,التأمين ضد الشيخوخة والعجز والوفاة,expense,True
21120102,حصة الحكومة فى اشتراكات نظام المكافآت,expense,True
21120103,اشتراكات المدة السابقة,expense,True
21120104,تكاليف مساهمة الحكومة فى التأمين على العاملات فى اجازة لرعاية أطفالهن,expense,True
21120200,مزايا تأمينية أخرى,expense,False
21120201,التأمين ضد المرض,expense,True
21120202,التأمين ضد اصابة العمل,expense,True
21120203,التأمين ضد المرض (تأمين صحي شامل),expense,True
21120204,التأمين ضد إصابة العمل (تأمين صحي شامل),expense,True
21130000,الأجور الإجمالية والاحتياطيات العامة,expense,False
21130100,الأجور الإجمالية,expense,False
21130101,أجور إجمالية مدرجة بموازنات الجهات,expense,True
21130102,اعتمادات أجور للحسابات والصناديق الخاصة,expense,True
21130200,المتطلبات الإضافية للأجور,expense,False
21130201,احتياطيات عامة للأجور,expense,True
21130202,المتطلبات الإضافية الأخرى للأجور,expense,True
21140000,الاجور المستبعدة,expense,False
21140100,اجور مستبعد للتحصيل من شراء الأصول غير المالية,expense,False
21140101,أجور مستبعدة من مصادر أخرى,expense,True
21200000,راء السلع والخدمات,expense,False
21210000,السلع,expense,False
21210100,المواد الخام,expense,False
21210101,الأدوية,expense,True
21210102,الأغذية,expense,True
21210103,مواد خام أخرى,expense,True
21210104,مستلزمات طبية,expense,True
21210200,وقود وزيوت و قوى محركة للتشغيل,expense,False
21210201,فحومات,expense,True
21210202,مواد بترولية وغاز,expense,True
21210203,مواد تزييت و تشحيم,expense,True
21210204,كهرباء,expense,True
21210300,وقود وزيوت لسيارات الركوب,expense,False
21210301,مواد بترولية وغاز,expense,True
21210302,مواد تزييت و تشحيم,expense,True
21210400,قطع غيار ومهمات,expense,False
21210401,قطع غيار و مواد للصيانة,expense,True
21210402,مواد و مهمات متنوعة,expense,True
21210500,مواد تعبئة وتغليف,expense,False
21210501,مواد مستهلكة,expense,True
21210502,مواد متداولة,expense,True
21210600,ادوات كتابية وكتب,expense,False
21210601,ادوات كتابية ومكتبية,expense,True
21210602,كتب ومجلات ووثائق اخرى للمكتبات,expense,True
21210603,كراسات ودفاتر,expense,True
21210604,مطبوعات اخرى,expense,True
21210700,مياه وانارة,expense,False
21210701,مياه,expense,True
21210702,انارة,expense,True
21210800,مستلزمات سلعية متنوعة,expense,False
21210801,مستلزمات تعليمية ومعينات سمعية و بصرية,expense,True
21210802,مستلزمات تنظيم الحدائق,expense,True
21210803,مستلزمات تصوير,expense,True
21210804,مستلزمات موسيقى,expense,True
21210805,مستلزمات العاب رياضية,expense,True
21210806,مستلزمات سلعية متنوعة,expense,True
21210900,سلع مشتراه بغرض إعادة البيع,expense,False
21210901,محلية,expense,True
21210902,أجنبية,expense,True
21220000,الخدمات,expense,False
21220100,نفقات الصيانة,expense,False
21220101,صيانة و تطهير لوسائل الرى و الصرف,expense,True
21220102,صيانة و ترميم مبانى انشاءات و اعمال صغيرة المبانى,expense,True
21220103,صيانة مرافق و شبكات,expense,True
21220104,صيانة طرق و جسور و كبارى,expense,True
21220105,صيانة آلات و معدات,expense,True
21220106,صيانة وسائل نقل واتصالات,expense,True
21220107,صيانة اثاث و معدات مكتبية ومكاتب,expense,True
21220108,صيانة الحاسبات والاجهزة الالكترونية,expense,True
21220109,اخرى,expense,True
21220110,صيانة الأجهزة الطبية,expense,True
21220111,صيانة مبانى الحى الحكومى بالعاصمة الادارية الجديدة,expense,True
21220200,نشر واعلان ودعاية واستقبال,expense,False
21220201,نفقات نشر واعلان,expense,True
21220202,نفقات دعاية,expense,True
21220203,نفقات الحفلات و الاستقبالات,expense,True
21220204,نفقات الزيارات الدولية والاشتراك فى المؤتمرات الدولية,expense,True
21220205,نفقات الاشتراك فى المؤتمرات المحلية,expense,True
21220206,نفقات الشئون والعلاقات العامة,expense,True
21220207,اخرى,expense,True
21220300,نفقات طبع ودوريات وحقوق تأليف,expense,False
21220301,نفقات طبع,expense,True
21220302,اشتراكات فى مجلات وجرائد ودوريات,expense,True
21220303,شراء حقوق المؤلفين,expense,True
21220304,نفقات تشجيع التأليف والمؤلفين,expense,True
21220305,اصدار كتب ومجلات ونشرات وثقافية وعلمية,expense,True
21220306,اخرى,expense,True
21220400,نقل وانتقالات عامة,expense,False
21220401,نقل مهمات بالسكة الحديد,expense,True
21220402,انتقالات عامة للعاملين و غير العاملين بالسكك الحديدية,expense,True
21220403,نقل وانتقالات عامة بوسائل اخرى للسفر بالداخل,expense,True
21220404,نقل وانتقالات عامة بوسائل اخرى للسفر بالخارج,expense,True
21220405,تكاليف نقل وانتقالات وبدل انتقال للمعارين بالخارج,expense,True
21220406,بدل انتقال للسفر بالداخل,expense,True
21220407,بدل انتقال للسفر بالخارج,expense,True
21220408,المقابل النقدى للعاملين بالمناطق النائية,expense,True
21220409,اخرى,expense,True
21220410,بدل الانتقال للموظفين المنتقلين للعاصمة الادارية الجديدة,expense,True
21220411,بدل سكن للموظفين المنتقلين للعاصمة الاداراية الجديدة,expense,True
21220500,البريد والإتصالات,expense,False
21220501,بريد,expense,True
21220502,تليفون,expense,True
21220503,تلغراف,expense,True
21220504,اشتراك تيكر,expense,True
21220505,تلكس و فاكس,expense,True
21220506,شبكة الانترنت,expense,True
21220507,اخرى,expense,True
21220508,خطوط الإنترنت المؤمنة,expense,True
21220600,ايجار,expense,False
21220601,ايجار أراضى ومبانى ومخازن وجراجات وغيرها,expense,True
21220602,ايجار آلات احصائية وحاسبات,expense,True
21220603,ايجار آلات وماكينات ومعدات,expense,True
21220604,ايجار خيام وكراسى,expense,True
21220605,ايجار وسائل نقل,expense,True
21220606,مقابل حق الانتفاع لمبانى الحى الحكومى بالعاصمة الادارية الجديدة,expense,True
21220700,نفقات إقامة معارض ومؤتمرات,expense,False
21220701,بالداخل,expense,True
21220702,بالخارج,expense,True
21220800,تكاليف العلاقات الثقافية والتعاون الخارجى,expense,False
21220801,تكاليف تبادل البعثات والوفود مع الحكومات الاجنبية وتنفيذ المعاهدات الثقافية,expense,True
21220802,تكاليف المكاتب و المراكز الثقافية و مكاتب البعثات,expense,True
21220803,أخرى,expense,True
21220900,تكاليف البحوث والتطوير وتدريب العاملين,expense,False
21220901,خدمات ابحاث وتجارب,expense,True
21220902,تكاليف البرامج التدريبية,expense,True
21221000,نفقات خدمية متنوعة,expense,False
21221001,نفقات تأمين و عمولة,expense,True
21221002,نفقات الأعياد و المواسم,expense,True
21221003,نفقات تنفيذ الأحكام القضائية,expense,True
21221004,نفقات رسوم القيد بنقابة المحامين,expense,True
21221005,نفقات لجان تحكيم,expense,True
21221006,نفقات تشغيل لدى الغير و مقاولى الباطن,expense,True
21221007,نفقات سرية وذات طبيعة خاصة,expense,True
21221008,اخرى متنوعة,expense,True
21221009,نفقات خدمات الصرف الصحي,expense,True
21221010,نفقات النظافة,expense,True
21221011,نفقات الأمن والحراسة,expense,True
21221012,نفقات مقابل الخدمات الاعلامية,expense,True
21221013,نفقات خدمات التصديق الالكترونى الحكومية,expense,True
21221014,نفقات التامين على ارباب العهد,expense,True
21230000,شراء السلع والخدمات والاحتياطيات العامة,expense,False
21230100,شراء السلع والخدمات الإجمالية,expense,False
21230101,شراء سلع وخدمات إجمالية مدرجة بموازنات الجهات,expense,True
21230102,اعتمادات شراء سلع وخدمات للحسابات والصناديق الخاصة,expense,True
21230200,المتطلبات الإضافية لشراء السلع والخدمات,expense,False
21230201,احتياطيات عامة لشراء السلع والخدمات,expense,True
21230202,المتطلبات الإضافية الأخرى لشراء السلع والخدمات,expense,True
21240000,شراء السلع والخدمات المستبعدة,expense,False
21240100,شراء السلع والخدمات مستبعدة بالتحصيل من شراء الأصول غير المالية,expense,False
21240101,شراء السلع والخدمات مستبعدة من مصادر أخرى,expense,True
21300000,الفوائد,expense,False
21310000,فوائد خارجية,expense,False
21310100,فوائد خارجية (لغير المقيمين),expense,False
21310101,فوائد الدين العام الخارجى,expense,True
21310102,فوائد خارجية تسددها الجهات,expense,True
21320000,فوائد محلية ( المقيمين ),expense,False
21320100,بخلاف وحدات الحكومة العامة,expense,False
21320101,فوائد سندات البنك المركزى,expense,True
21320102,فوائد سندات السلع التموينية,expense,True
21320103,فوائد سندات الزيادة فى رؤوس أموال البنوك,expense,True
21320104,فوائد السندات الدولارية بالعجز فى مركز العملات الأجنبية,expense,True
21320105,فوائد الأذون على الخزانة العامة,expense,True
21320106,فوائد سندات الخزانة المصرية,expense,True
21320107,فوائد التغطية المؤقتة للرصيد المدين,expense,True
21320108,فوائد السندات المحلية,expense,True
21320109,فوائد سندات العجز الاكتوارى لصندوقى التأمينات,expense,True
21320110,فوائد ال5% سندات حكومية,expense,True
21320111,فوائد السندات المتوقع اصدارها لصالح صندوقى التأمين,expense,True
21320112,فوائد ارصدة الأموال المساندة,expense,True
21320113,أخرى,expense,True
21320200,لوحدات الحكومة العامة,expense,False
21320201,فوائد قروض تمويل الاستثمارات,expense,True
21320202,للخزانة العامة ( تشمل فوائد القروض الخارجية والمعاد اقراضها من الخزانة ),expense,True
21320203,لجهات اخرى (شاملة المحليات),expense,True
21330000,الفوائد الإجمالية والاحتياطيات العامة,expense,False
21330100,الفوائد الإجمالية,expense,False
21330101,فوائد إجمالية مدرجة بموازنات الجهات,expense,True
21330102,اعتمادات فوائد للحسابات والصناديق الخاصة,expense,True
21330200,المتطلبات الإضافية للفوائد,expense,False
21330201,احتياطيات عامة للفوائد,expense,True
21330202,المتطلبات الإضافية الأخرى للفوائد,expense,True
21340000,الفوائد المستبعدة,expense,False
21340100,فوائد مستبعدة بالتحصيل من شراء الأصول غير المالية,expense,False
21340101,فوائد مستبعدة من مصادر أخرى,expense,True
21400000,الدعم والمنح والمزايا الاجتماعية,expense,False
21410000,الدعم,expense,False
21410100,لمؤسسات غير مالية,expense,False
21410101,دعم السلع التموينية,expense,True
21410102,دعم المواد البترولية,expense,True
21410103,دعم تنشيط الصادرات,expense,True
21410104,دعم المزارعين,expense,True
21410105,دعم الكهرباء,expense,True
21410106,دعم نقل الركاب,expense,True
21410107,التأمين الصحى والأدوية,expense,True
21410108,دعم الأنشطة الصناعية والزراعية,expense,True
21410109,دعم تنمية الصعيد,expense,True
21410110,اخرى,expense,True
21410111,دعم الأراضى الصناعية,expense,True
21410200,لمؤسسات مالية,expense,False
21410201,دعم فائدة القروض الميسرة,expense,True
21410202,دعم إسكان محدودى الدخل,expense,True
21410203,أخــــــــرى,expense,True
21420000,المنح,expense,False
21420100,المنح للحكومات الأجنبية,expense,False
21420101,جارى,expense,True
21420102,رأسمالى,expense,True
21420200,منح للمنظمات الدولية,expense,False
21420201,جارى,expense,True
21420202,رأسمالى,expense,True
21420300,منح لجهات الحكومة العامة,expense,False
21420301,جارى,expense,True
21420302,رأسمالى,expense,True
21430000,مزايا اجتماعية,expense,False
21430100,مزايا للأمان الإجتماعى,expense,False
21430101,معاش الضمان الاجتماعى,expense,True
21430102,معاش الطفل,expense,True
21430103,مزايا للأمان الاجتماعى عينية,expense,True
21430104,أخرى,expense,True
21430200,مساعدات إجتماعية,expense,False
21430201,مساهمات فى صناديق المعاشات,expense,True
21430202,مساعدات اجتماعية عينية,expense,True
21430203,مساعدات اجتماعية نقدية,expense,True
21430300,نفقات خدمية لغير العاملين,expense,False
21430301,نفقات علاج موطنى جمهورية مصر العربية,expense,True
21430302,نفقات نشاط رياضى واجتماعى لغير العاملين,expense,True
21430303,نفقات خدمات صحية لغير العاملين,expense,True
21430304,مكافآت لغير العاملين عن خدمات مؤداه,expense,True
21430305,جوائز وأوسمة,expense,True
21430400,مزايا إجتماعية للعاملين,expense,False
21430401,نفقات دفن,expense,True
21430402,نفقات محو الأمية,expense,True
21430403,مزايا اجتماعية للعاملين عينية,expense,True
21430404,أخرى,expense,True
21440000,الدعم والمنح الإجمالية والاحتياطيات العامة,expense,False
21440100,الدعم والمنح الإجمالية,expense,False
21440101,دعم ومنح إجمالية مدرجة بموازنات الجهات,expense,True
21440102,اعتمادات دعم ومنح للحسابات والصناديق الخاصة,expense,True
21440200,المتطلبات الإضافية للدعم والمنح,expense,False
21440201,احتياطيات عامة للدعم والمنح,expense,True
21440202,المتطلبات الإضافية الأخرى للدعم والمنح,expense,True
21450000,الدعم والمنح والمزايا الاجتماعية المستبعدة,expense,False
21450100,الدعم والمنح مستبعدة بالتحصيل من شراء الأصول غير المالية,expense,False
21450101,الدعم والمنح مستبعدة من مصادر أخرى,expense,True
21500000,المصروفات الأخرى,expense,False
21510000,جارية,expense,False
21510100,ضرائب ورسوم,expense,False
21510101,الضرائب الجمركية,expense,True
21510102,ضريبة المبيعات,expense,True
21510103,رسوم تنمية الموارد,expense,True
21510104,رسوم تراخيص السيارات,expense,True
21510105,رسوم فحص العينات,expense,True
21510106,ضرائب عقارية,expense,True
21510107,رسوم تسجيل,expense,True
21510108,عمولات أو مصاريف نقل الملكية,expense,True
21510109,أخرى,expense,True
21510110,مقابل الاعفاءات الضريبية,expense,True
21510200,اشتراكات,expense,False
21510201,فى هيئات محلية,expense,True
21510202,فى هيئات دولية,expense,True
21510300,متنوعة,expense,False
21510301,تعويضات وغرامات,expense,True
21510302,نفقات رأسمالية متنوعة,expense,True
21510303,فائض مرحل,expense,True
21510304,تحويلات جارية وتخصيصية أخرى,expense,True
21520000,المصروفات الأخرى الإجمالية والاحتياطيات العامة,expense,False
21520100,المصروفات الأخرى الإجمالية,expense,False
21520101,ق.م,expense,True
21520102,مصروفات أخرى إجمالية مدرجة بموازنات الجهات,expense,True
21520103,اعتمادات مصروفات أخرى للحسابات والصناديق الخاصة,expense,True
21520200,المتطلبات الإضافية للمصروفات الأخرى,expense,False
21520201,احتياطيات عامة للمصروفات الأخرى,expense,True
21520202,المتطلبات الإضافية الأخرى للمصروفات الأخرى,expense,True
21530000,المصروفات الأخرى المستبعدة,expense,False
21530100,المصروفات الأخرى مستبعدة بالتحصيل من شراء الأصول غير المالية,expense,False
21530101,المصروفات الأخرى مستبعدة من مصادر أخرى,expense,True
21600000,راء الاصول غير المالية ( الأستثمارات),expense,False
21610000,الأصول الثابتة,expense,False
21610100,استثمار مباشر,expense,False
21610101,مبانى سكنية,expense,True
21610102,مبانى غير سكنية,expense,True
21610103,تشييدات,expense,True
21610104,وسائل نقل,expense,True
21610105,وسائل انتقال,expense,True
21610106,آلات ومعدات,expense,True
21610107,عدد وأدوات,expense,True
21610108,تجهيزات,expense,True
21610109,ثروة حيوانية ومائية (أصول زراعية),expense,True
21610110,الات ومعدات طبية,expense,True
21610200,نفقات ايرادية مؤجلة (تشغيل),expense,False
21610201,مبانى سكنية,expense,True
21610202,مبانى غير سكنية,expense,True
21610203,تشييدات,expense,True
21610204,وسائل نقل,expense,True
21610205,وسائل انتقال,expense,True
21610206,آلات ومعدات,expense,True
21610207,عدد وأدوات,expense,True
21610208,تجهيزات,expense,True
21610209,ثروة حيوانية ومائية (أصول زراعية),expense,True
21610210,الات ومعدات طبية,expense,True
21620000,الأصول غير المنتجة,expense,False
21620100,أصول طبيعية,expense,False
21620101,شراء أراضى,expense,True
21620102,تمهيد وأستصلاح أراضى,expense,True
21620103,أصول طبيعية أخرى,expense,True
21630000,أصول غير مالية أخرى,expense,False
21630100,متنوعة,expense,False
21630101,فوائد سابقة على بدء التشغيل,expense,True
21630102,البعثات,expense,True
21630103,ابحاث ودراسات للمشروعات الأستثمارية,expense,True
21630104,دفعات مقدمة,expense,True
21630105,تعويضات فروق الأسعار للمقاولين,expense,True
21630106,الأجور للمشروعات الأستثمارية,expense,True
21630107,التعويضات,expense,True
21640000,شراء الأصول غير المالية الإجمالية والاحتياطيات العامة,expense,False
21640100,شراء الأصول غير المالية الإجمالية,expense,False
21640101,شراء أصول غير مالية إجمالية مدرجة بموازنات الجهات,expense,True
21640200,المتطلبات الإضافية لشراء الأصول غير المالية,expense,False
21640201,احتياطيات عامة لشراء الأصول غير المالية,expense,True
21640202,متطلبات إضافية أخرى لشراء الاصول غير المالية,expense,True
22000000,الحيازة من الاصول المالية,expense,False
22700000,حيازة الاصول المالية المحلية والاجنبية,expense,False
22710000,حيازة الاصول المالية المحلية,expense,False
22710100,أوراق مالية بخلاف الأسهم,expense,False
22710101,سندات,expense,True
22710102,أذون,expense,True
22710103,أخرى,expense,True
22710200,الاقراض,expense,False
22710201,لبنك الاستثمار,expense,True
22710202,للهيئات الاقتصادية,expense,True
22710203,للشركات القابضة,expense,True
22710204,لشركات قطاع الاعمال العام,expense,True
22710205,لشركات القطاع العام,expense,True
22710206,لأجهزة الموازنة العامة (القروض الخارجية المعاد أقراضها من الخزانة العامة),expense,True
22710207,لجهات أخرى,expense,True
22710300,مساهمات وحقوق ملكية,expense,False
22710301,فى بنك الاستثمار,expense,True
22710302,فى هيئات اقتصادية,expense,True
22710303,فى شركات قابضة,expense,True
22710304,فى شركات قطاع أعمال عام,expense,True
22710305,فى شركات قطاع عام,expense,True
22710306,فى جهات أخرى,expense,True
22710400,مساهمة الخزانة فى صندوق تمويل الهيكلة,expense,False
22710401,مساهمة الخزانة فى صندوق تمويل الهيكلة,expense,True
22720000,حيازة الاصول المالية الاجنبية,expense,False
22720100,أوراق مالية بخلاف الأسهم,expense,False
22720101,سندات,expense,True
22720102,أذون,expense,True
22720103,أخرى,expense,True
22720200,الاقراض,expense,False
22720201,لجهات أخرى,expense,True
22720300,مساهمات وحقوق ملكية,expense,False
22720301,فى جهات أخرى,expense,True
22730000,حيازة الأصول المالية الإجمالية والاحتياطيات العامة,expense,False
22730100,حيازة الأصول المالية الإجمالية,expense,False
22730101,حيازة الأصول المالية إجمالية مدرجة بموازنات الجهات,expense,True
22730200,المتطلبات الإضافية لحيازة الأصول المالية,expense,False
22730201,احتياطيات عامة لحيازة الأصول المالية,expense,True
22730202,المتطلبات الإضافية الأخرى لحيازة الأصول المالية,expense,True
23000000,سداد القروض,expense,False
23800000,داد القروض المحلية والاجنبية,expense,False
23810000,سداد القروض واستهلاك الاوراق المالية المحلية,expense,False
23810100,أستهلاك أوراق مالية بخلاف الأسهم,expense,False
23810101,سندات على الخزانة العامة,expense,True
23810102,اذون على الخزانة العامة,expense,True
23810103,اخرى,expense,True
23810200,سداد القروض المحلية,expense,False
23810201,لبنك الاستثمار القومى,expense,True
23810202,قروض خارجية معاد اقراضها عن طريق الخزانة,expense,True
23810203,لمصادر أخرى,expense,True
23810300,حسابات أخرى مستحقة الدفع,expense,False
23810301,مستحقات استثمارية,expense,True
23810302,أخرى,expense,True
23820000,سداد القروض واستهلاك الاوراق المالية الاجنبية,expense,False
23820100,أستهلاك أوراق مالية بخلاف الأسهم,expense,False
23820101,سندات على الخزانة العامة,expense,True
23820102,اذون على الخزانة العامة,expense,True
23820103,اخرى,expense,True
23820200,سداد القروض الاجنبية,expense,False
23820201,أقساط الدين العام الخارجى,expense,True
23820202,أقساط خارجية تسددها الجهات,expense,True
23830000,سداد القروض الإجمالية والاحتياطيات العامة,expense,False
23830100,سداد القروض الإجمالية,expense,False
23830101,سداد القروض إجمالية مدرجة بموازنات الجهات,expense,True
23830102,سداد القروض للحسابات والصناديق الخاصة,expense,True
23830200,المتطلبات الإضافية لسداد القروض,expense,False
23830201,المتطلبات الإضافية الأخرى لسداد القروض,expense,True
24000000,الاستخدامات الداخلية,expense,False
24900000,دفوعات الخزانة العامة,expense,False
24910000,تحويلات الى الخزانة العامة,expense,False
24910100,سداد الموارد,expense,False
24910101,المحصل بمعرفة وحدة الخزانة العامة,expense,True
30000000,الأصول,asset_non_current,False
31000000,الاصول المالية,asset_non_current,False
31100000,لاصول النقدية,asset_non_current,False
31110000,النقدية بالبنوك و الخزينة و البريد و الوحدةالحسابية,asset_non_current,False
31110100,البنك المركزى,asset_non_current,False
31110101,البنك المركزى - الاجور وتعويضات العاملين,asset_non_current,True
31110102,البنك المركزى - شراء السلع والخدمات,asset_non_current,True
31110103,البنك المركزى - الفوائد,asset_non_current,True
31110104,البنك المركزى - الدعم والمنح والمزايا الاجتماعية,asset_non_current,True
31110105,البنك المركزى - المصروفات الاخرى,asset_non_current,True
31110106,البنك المركزى - شراء الاصول غير المالية (الاستثمارات),asset_non_current,True
31110107,البنك المركزى - حيازة الاصول المالية المحلية والاجنبية,asset_non_current,True
31110108,البنك المركزى - سداد القروض المحلية والاجنبية,asset_non_current,True
31110109,ح/ جارى  البنك المركزى,asset_non_current,True
31110110,البنك المركزى - الضرائب,asset_non_current,True
31110111,البنك المركزى - المنح,asset_non_current,True
31110112,البنك المركزى - الايرادات الاخرى,asset_non_current,True
31110113,البنك المركزى - متحصلات الاقراض ومبيعات الاصول المالية,asset_non_current,True
31110114,البنك المركزى - الاقتراض وإصدار الاوراق المالية بخلاف الاسهم,asset_non_current,True
31110115,ح/ بنك مركزى - حصيلة بيع مشروعات,asset_non_current,True
31110116,ح/ بنك مركزى - حسابات وصناديق خاصة,asset_non_current,True
31110117,ح/ بنك مركزى - تصفية مصروفات,asset_non_current,True
31110118,ح/ بنك مركزى - تصفية ايرادات,asset_non_current,True
31110119,البنك المركزي-قروض,asset_non_current,True
31110120,البنك المركزي-منح,asset_non_current,True
31110121,البنك المركزي-موارد ذاتية,asset_non_current,True
31110200,بنك الاسثمار القومى,asset_non_current,False
31110201,ح / جارى بنك الاستثمار القومى,asset_non_current,True
31110202,ح / جارى بنك الاستثمار- دائنون,asset_non_current,True
31110300,النقدية,asset_non_current,False
31110301,ح / نقدية بالخزينة,asset_non_current,True
31110302,ح /  النقدية تحت التسوية,asset_non_current,True
31110399,ح /  النقدية تحت التسوية اخرى,asset_non_current,True
31110400,نقدية بالبريد,asset_non_current,False
31110401,ح / نقدية امانة بالبريد,asset_non_current,True
31110499,ح / نقدية بالبريد - اخرى,asset_non_current,True
31110500,الوحدة الحسابية المركزية لوزارة المالية,asset_non_current,False
31110501,ح / الوحدة الحسابية المركزية,asset_non_current,True
31110502,ح / الوحدة الحسابية المركزية -الاجور و تعويضات العاملين,asset_non_current,True
31110503,ح / الوحدة الحسابية المركزية - شراء السلع و الخدمات,asset_non_current,True
31110504,ح / الوحدة الحسابية المركزية - الفوائد,asset_non_current,True
31110505,ح / الوحدة الحسابية المركزية - الدعم و المنح و المزايا الأجتماعية,asset_non_current,True
31110506,ح / الوحدة الحسابية المركزية - المصروفات الأخرى,asset_non_current,True
31110507,"ح / الوحدة الحسابية المركزية - شراء الأصول غير المالية "" الا ستثمارات """,asset_non_current,True
31110508,ح / الوحدة الحسابية المركزية - حيازة الأصول المالية المحلية و الأجنبية,asset_non_current,True
31110509,ح / الوحدة الحسابية المركزية - سداد القروض المحلية و الأجنبية,asset_non_current,True
31110510,ح / الوحدة الحسابية المركزية - الضرائب,asset_non_current,True
31110511,ح / الوحدة الحسابية المركزية - المنح,asset_non_current,True
31110512,ح / الوحدة الحسابية المركزية - الايرادات الأخرى,asset_non_current,True
31110513,ح / الوحدة الحسابية المركزية - المتحصلات من الأقراض و مبيعات الأصول المالية,asset_non_current,True
31110514,ح / الوحدة الحسابية المركزية - الاقتراض و اصدار الاوراق المالية,asset_non_current,True
31110515,ح / الوحدة الحسابية المركزية - المدينون,asset_non_current,True
31110516,ح / الوحدة الحسابية المركزية - الدائنون,asset_non_current,True
31110517,ح/ الوحدة الحسابية المركزية -حسابات وصناديق خاصة,asset_non_current,True
31110600,بنوك اخرى,asset_non_current,False
31110601,ح/ بنوك اخرى,asset_non_current,True
31110700,الوحدة الحسابية المركزية,asset_non_current,False
31110701,ح / الوحدة الحسابية المركزية,asset_non_current,True
31120000,شيكات وحوالات تحت التحصيل,asset_non_current,False
31120100,شيكات تحت التحصيل - البنك المركزى,asset_non_current,False
31120101,شيكات تحت التحصيل- الاجور وتعويضات العاملين,asset_non_current,True
31120102,يكات تحت التحصيل - شراء السلع والخدمات,asset_non_current,True
31120103,شيكات تحت التحصيل - الفوائد,asset_non_current,True
31120104,شيكات تحت التحصيل - الدعم والمنح والمزايا الاجتماعية,asset_non_current,True
31120105,شيكات تحت التحصيل - المصروفات الاخرى,asset_non_current,True
31120106,شيكات تحت التحصيل - شراء الاصول غير المالية (الاستثمارات),asset_non_current,True
31120107,شيكات تحت التحصيل - حيازة الاصول المالية المحلية والاجنبية,asset_non_current,True
31120108,شيكات تحت التحصيل - سداد القروض المحلية والاجنبية,asset_non_current,True
31120109,شيكات تحت التحصيل - جارى,asset_non_current,True
31120110,لشيكات تحت التحصيل - الضرائب,asset_non_current,True
31120111,شيكات تحت التحصيل- المنح,asset_non_current,True
31120112,شيكات تحت التحصيل- الايرادات الاخرى,asset_non_current,True
31120113,شيكات تحت التحصيل- متحصلات الاقراض ومبيعات الاصول المالية,asset_non_current,True
31120114,شيكات تحت التحصيل - الاقتراض وإصدار الاوراق المالية بخلاف الاسهم,asset_non_current,True
31120200,شيكات تحت التحصيل - بنك الاستثمار القومى,asset_non_current,False
31120201,شيكات تحت التحصيل- استثمارى,asset_non_current,True
31120300,حوالات بريدية تحت التحصيل,asset_non_current,False
31120301,حوالات بريدية تحت التحصيل وارد,asset_non_current,True
31120400,شيكات تحت التحصيل - الوحدة الحساب المركزية لوزارة المالية,asset_non_current,False
31120401,شيكات تحت التحصيل - الاجور و تعويضات العاملين,asset_non_current,True
31120402,شيكات تحت التحصيل - شراء السلع والخدمات,asset_non_current,True
31120403,شيكات تحت التحصيل - الفوائد,asset_non_current,True
31120404,شيكات تحت التحصيل - الدعم والمنح والمزايا الاجتماعية,asset_non_current,True
31120405,شيكات تحت التحصيل - المصروفات الاخرى,asset_non_current,True
31120406,"شيكات تحت التحصيل - شراء الاصول غير المالية ""الاستثمارات",asset_non_current,True
31120407,شيكات تحت التحصيل - حيازة الاصول المالية المحلية والاجنبية,asset_non_current,True
31120408,شيكات تحت التحصيل - سداد القروض المحلية والاجنبية,asset_non_current,True
31120409,شيكات تحت التحصيل - الضرائب,asset_non_current,True
31120410,شيكات تحت التحصيل - المنح,asset_non_current,True
31120411,شيكات تحت التحصيل - الايرادات الاخرى,asset_non_current,True
31120412,شيكات تحت التحصيل - المتحصلات من الاقراض ومبيعات الاصول المالية,asset_non_current,True
31120413,شيكات تحت التحصيل - الاقتراض واصدار الاوراق المالية,asset_non_current,True
31120414,شيكات تحت التحصيل - المدينون,asset_non_current,True
31120415,شيكات تحت التحصيل - الدائنون,asset_non_current,True
31120500,اوامر الدفع الواردة -  الوحدة الحسابية المركزية لوزارة المالية,asset_non_current,False
31120501,اوامر الدفع الواردة - الاجور وتعويضات العاملين,asset_non_current,True
31120502,اوامر الدفع الواردة - شراء السلع و الخدمات,asset_non_current,True
31120503,اوامر الدفع الواردة - الفوائد,asset_non_current,True
31120504,اوامر الدفع الواردة - الدعم والمنح والمزايا الاجتماعية,asset_non_current,True
31120505,اوامر الدفع الواردة - المصروفات الاخرى,asset_non_current,True
31120506,"اومر الدفع الواردة - شراء الاصول غير المالية ""الاستثمارات",asset_non_current,True
31120507,اوامر الدفع الواردة - حيازة الاصول المالية المحلية و الاجنبية,asset_non_current,True
31120508,اوامر الدفع الواردة - سداد القروض المحلية والاجنبية,asset_non_current,True
31120509,اوامر الدفع الواردة - الضرائب,asset_non_current,True
31120510,اوامر الدفع الواردة - المنح,asset_non_current,True
31120511,اوامر الدفع الواردة - الايرادات الاخرى,asset_non_current,True
31120512,اوامر الدفع الواردة - المتحصلات من اقراض ومبيعات الاصول المالية,asset_non_current,True
31120513,اوامر الدفع الواردة - الاقتراض و اصدار الاوراق المالية,asset_non_current,True
31120514,اوامر الدفع الواردة - المدينون,asset_non_current,True
31120515,اوامر الدفع الواردة - الدائنون,asset_non_current,True
31120516,اوامر الدفع الواردة - حسابات وصناديق خاصة,asset_non_current,True
31130000,الحسابات المدينة المتنوعة,asset_non_current,False
31130100,حسابات مدينة متنوعة,asset_non_current,False
31130101,ح / مدينة - السلف المستديمة,asset_non_current,True
31130102,ح / مدينة - طرف الهيئة القومية للتامين والمعاشات (سلف معاشات),asset_non_current,True
31130103,ح / مدينة - مبالغ مخصومة بالخطا بنك مركزى,asset_non_current,True
31130104,ح / مدينة تحت التسوية - مبالغ مخصومة بالخطا طرف الوحدة الحسابية,asset_non_current,True
31130105,ح / مدينة - اعتمادات نقدية بالخارج,asset_non_current,True
31130106,ح / مدينة - تأمينات لدى الغير,asset_non_current,True
31130107,ح/ مدينة تحت التسوية (جهات/افراد),asset_non_current,True
31130108,ح/ مدينة تحت التسوية - طرف وزارة المالية,asset_non_current,True
31130109,ح/المنصرف بمعرفة جهات,asset_non_current,True
31130110,ح/ جارى مستحقات طرف وزارة المالية,asset_non_current,True
31130111,مدينة تحت التسوية جهات حكومية,asset_non_current,True
31130112,مدينة تحت التسوية جهات غير  حكومية,asset_non_current,True
31130113,مدينة تحت التسوية افراد,asset_non_current,True
31130199,ح / مدينة - تحت التسوية اخرى,asset_non_current,True
31130200,جاري المبالغ المدينة الإستثمارية,asset_non_current,False
31130201,ح/ المبالغ المستخدمة فى حدود السحب,asset_non_current,True
31130202,ح/ المبالغ المستخدمة فى حدود السحب - سنوات سابقة,asset_non_current,True
31130203,ح / مدينة طرف بنك الإستثمار القومي,asset_non_current,True
31130300,حسابات مدينة تحت التسوية,asset_non_current,False
31130302,ح/ مدينة تحت التسوية حسابات وصناديق خاصة,asset_non_current,True
31130303,ح/ مدينة - جارى التصفية,asset_non_current,True
40000000,لخصوم,liability_non_current,False
41000000,الالتزامات,liability_non_current,False
41100000,لالتزامات,liability_non_current,False
41110000,الحسابات الجارية الدائنة,liability_non_current,False
41110100,جارى دائنة تحت التسوية - استقطاعات من العاملين,liability_non_current,False
41110101,ح / دائنة - جزاءات,liability_non_current,True
41110102,ح / دائنة - أقساط (بنوك - شركات - ... الخ),liability_non_current,True
41110103,ح / دائنة - تبرعات,liability_non_current,True
41110104,ح / دائنة - اشتراكات (نقابات - روابط - صناديق - ...الخ),liability_non_current,True
41110105,ح / دائنة - نفقات,liability_non_current,True
41110199,ح / دائنة - استقطاعات متنوعة من العاملين,liability_non_current,True
41110200,جارى دائنة تحت التسوية - تأمين ومعاشات,liability_non_current,False
41110201,ح / دائنة - تأمين ومعاشات,liability_non_current,True
41110202,ح / دائنة - تأمين صحى,liability_non_current,True
41110203,ح / دائنة - تأمينات اجتماعية/أعمال مقاولات,liability_non_current,True
41110204,التأمين الصحى الشامل,liability_non_current,True
41110299,ح / دائنة تأمين ومعاشات - متنوعة,liability_non_current,True
41110300,جارى دائنة تحت التسوية - متنوعة,liability_non_current,False
41110301,ح / دائنة - ضريبة كسب عمل,liability_non_current,True
41110302,ح / دائنة - ضريبة أ.ت.ص ومهن حرة جارى,liability_non_current,True
41110303,ح / دائنة - ضريبة أ.ت.ص ومهن حرة استثمارى,liability_non_current,True
41110304,ح / دائنة - ضريبة دمغة جارى,liability_non_current,True
41110305,ح / دائنة - ضريبة دمغة استثمارى,liability_non_current,True
41110306,ح / دائنة - تنمية موارد - جارى / الوحدة الحسابية المركزية بوزارة المالية,liability_non_current,True
41110307,ح / دائنة - تنمية موارد استثمارى,liability_non_current,True
41110308,دائنة-ضريبة قيمة مضافة,liability_non_current,True
41110399,ح / دائنة - ضرائب متنوعة,liability_non_current,True
41110400,جارى دائنة تحت التسوية - تأمينات للغير,liability_non_current,False
41110401,ح / دائنة - تأمينات للغير - تأمين ابتدائى جارى,liability_non_current,True
41110402,ح / دائنة - تأمينات للغير - تأمين نهائى جارى,liability_non_current,True
41110403,ح / دائنة - تأمينات للغير - تأمين نهائى استثمارى,liability_non_current,True
41110404,ح / دائنة - تأمينات للغير - تأمين ضمان أعمال جارى,liability_non_current,True
41110405,ح / دائنة - تأمينات للغير - تأمين ضمان أعمال استثمارى,liability_non_current,True
41110499,ح / دائنة - تأمينات للغير - متنوعة أخرى,liability_non_current,True
41110500,جارى دائنة تحت التسوية - شيكات وحوالات وأوامر دفع,liability_non_current,False
41110501,ح / شيكات بنك مركزى - أجور وتعويضات العاملين,liability_non_current,True
41110502,ح / شيكات بنك مركزى - شراء السلع والخدمات,liability_non_current,True
41110503,ح / شيكات بنك مركزى - الفوائد,liability_non_current,True
41110504,ح / شيكات بنك مركزى - الدعم والمنح والمزايا الاجتماعية,liability_non_current,True
41110505,ح / شيكات بنك مركزى - المصروفات الأخرى,liability_non_current,True
41110506,ح / شيكات بنك مركزى - شراء الأصول غير المالية,liability_non_current,True
41110507,ح / شيكات بنك مركزى - حيازة الأصول المالية,liability_non_current,True
41110508,ح / شيكات بنك مركزى - سداد القروض,liability_non_current,True
41110509,ح / شيكات بنك مركزى - جارى,liability_non_current,True
41110510,ح / شيكات بنك مركزى - الضرائب,liability_non_current,True
41110511,ح / شيكات بنك مركزى - المنح,liability_non_current,True
41110512,ح / شيكات بنك مركزى - الإيرادات الأخرى,liability_non_current,True
41110513,ح / شيكات بنك مركزى - متحصلات الاقراض ومبيعات الأصول المالية,liability_non_current,True
41110514,ح / شيكات بنك مركزى - الاقتراض واصدار الأوراق المالية بخلاف الأسهم,liability_non_current,True
41110515,ح / شيكات بنك الاستثمار,liability_non_current,True
41110516,ح / حوالات بريدية,liability_non_current,True
41110517,ح / أوامر الدفع المرسلة,liability_non_current,True
41110600,جارى دائنة تحت التسوية - نقابات وروابط,liability_non_current,False
41110601,ح / دائنة - نقابة المهن الهندسية,liability_non_current,True
41110602,ح / دائنة - نقابة المهن التطبيقية,liability_non_current,True
41110603,ح / دائنة - نقابة مصممى الفنون,liability_non_current,True
41110699,ح / دائنة - نقابات وروابط أخرى,liability_non_current,True
41110700,جارى دائنة تحت التسوية - الوحدة الحسابية المركزية,liability_non_current,False
41110701,ح / دائنة الوحدة الحسابية المركزية لنظام حساب الخزانة الموحد,liability_non_current,True
41110800,جاري دائنة تحت التسوية - متنوعة,liability_non_current,False
41110801,ح/ دائنة - مرتجع مهايا,liability_non_current,True
41110802,ح/ دائنة - حجوزات,liability_non_current,True
41110803,ح/ دائنة - تعويضات,liability_non_current,True
41110804,ح/ دائنة تحت التسوية - طرف (جهات/أفراد),liability_non_current,True
41110805,ح/ دائنة - مباغ مضافة بالخطأ بنك مركزى,liability_non_current,True
41110806,ح/ دائنة - مبالغ مضافة بالخطأ بنك الاستثمار,liability_non_current,True
41110807,ح/ دائنة تحت التسوية - مبالغ مضافة بالخطأ طرف الوحدة الحسابية المركزية,liability_non_current,True
41110808,ح/ دائنة تحت التسوية - طرف وزارة المالية,liability_non_current,True
41110809,ح / دائنة - فائض مرحل,liability_non_current,True
41110810,ح / دائنة (منح / تبرعات),liability_non_current,True
41110811,ح / دائنة تحت التسوية - حسابات وصناديق خاصة,liability_non_current,True
41110812,ح / دائنة تحت التسوية - جاري التصفية,liability_non_current,True
41110813,ح / دائنة - محصل بمعرفة جهات,liability_non_current,True
41110814,ح / دائنة جهات إستثماري,liability_non_current,True
41110815,ح / دائنة تحت التسوية مقابل إعادة الشئ لأصلة,liability_non_current,True
41110816,غرامات التصالح فى مخلفات البناء وتقنين أوضاعها(جدية تصالح),liability_non_current,True
41110817,إشغالات طرح النهر,liability_non_current,True
41110818,المبالغ الزائدة عن الحد الأقصى للاجور,liability_non_current,True
41110819,صندوق تكريم شهداء وضحايا ومفقودى ومصابى العمليات الحربية والارهابية والأمنية واسرهم /ضريبة الطابع,liability_non_current,True
41110820,صندوق تكريم شهداء وضحايا ومفقودى ومصابى العمليات الحربية والارهابية والأمنية واسرهم /المشاركة المجتمعية,liability_non_current,True
41110821,غرامات التصالح في مخلفات البناء وتقنين أوضاعها (نهائي على دفعة واحدة),liability_non_current,True
41110822,غرامات التصالح في مخلفات البناء وتقنين أوضاعها (أقساط),liability_non_current,True
41110823,مستحقات صندوق الإسكان الاجتماعي لدى الجهات,liability_non_current,True
41110824,متحصلات الكترونية عن أذون تسوية,liability_non_current,True
41110825,متحصلات الكترونية اخرى,liability_non_current,True
41110826,حسابات مركزية,liability_non_current,True
41110827,دائنة-قروض,liability_non_current,True
41110828,دائنة-ارباب عهد,liability_non_current,True
41110829,دائنة-مبادرات وبرامج,liability_non_current,True
41110830,دائنة-جهات حكومية,liability_non_current,True
41110831,دائنة-جهات غير حكومية,liability_non_current,True
41110832,دائنة-افراد,liability_non_current,True
41110833,دائنة-علاج علي نفقة الدولة,liability_non_current,True
41110834,دائنة-مقابل حق الانتفاع بالمساكن الحكومية,liability_non_current,True
41110835,دائنة-معاشات منتدبين,liability_non_current,True
41110899,ح/ دائنة - متنوعة أخرى,liability_non_current,True
41110900,اوامر الدفع المرسلة -  الوحدة الحسابية المركزية لوزارة المالية,liability_non_current,False
41110901,اوامر الدفع المرسلة - الاجور وتعويضات العاملين,liability_non_current,True
41110902,اوامر الدفع المرسلة - شراء السلع و الخدمات,liability_non_current,True
41110903,اوامر الدفع المرسلة - الفوائد,liability_non_current,True
41110904,اوامر الدفع المرسلة - الدعم والمنح والمزايا الاجتماعية,liability_non_current,True
41110905,اوامر الدفع المرسلة - المصروفات الاخرى,liability_non_current,True
41110906,"""اومر الدفع المرسلة - شراء الاصول غير المالية ""الاستثمارات",liability_non_current,True
41110907,اوامر الدفع المرسلة - حيازة الاصول المالية المحلية و الاجنبية,liability_non_current,True
41110908,اوامر الدفع المرسلة - سداد القروض المحلية والاجنبية,liability_non_current,True
41110909,اوامر الدفع المرسلة - الضرائب,liability_non_current,True
41110910,اوامر الدفع المرسلة - المنح,liability_non_current,True
41110911,اوامر الدفع المرسلة - الايرادات الاخرى,liability_non_current,True
41110912,اوامر الدفع المرسلة - المتحصلات من الاقراض ومبيعات الاصول المالية,liability_non_current,True
41110913,اوامر الدفع المرسلة - الاقتراض و اصدار الاوراق المالية,liability_non_current,True
41110914,اوامر الدفع المرسلة - المدينون,liability_non_current,True
41110915,اوامر الدفع المرسلة - الدائنون,liability_non_current,True
41110916,اومر الدفع المرسلة - شراء الأصول غيرالمالية (حسابات خاصة / ذاتي ),liability_non_current,True
51000101,urplus_Deficit,equity_unaffected,False
52000101,eserve for Encumbrances,equity,False
52000201,iscellanous Clearing Account,equity,False
90000000,الحسابات النظامية,liability_non_current,False
91000000,الحسابات النظامية المدينة,asset_non_current,False
91100000,الحسابات النظامية المدينة,asset_non_current,False
91110000,المستخدم من القروض,asset_non_current,False
91110100,المستخدم من القروض المحلية (محلى),asset_non_current,False
91110101,ح/ سندات البنك المركزى,asset_non_current,True
91110102,ح/ سندات الخزانة المصرية,asset_non_current,True
91110103,ح/ سندات صادرة مقابل عجز هيئة السلع التموينية,asset_non_current,True
91110104,ح/ السندات الصادرة لزيادة رؤوس أموال البنوك,asset_non_current,True
91110105,ح/ صكوك صندوقى التأمين الإجتماعى العجز الأكتوارى,asset_non_current,True
91110106,ح/ صكوك صندوقى التأمين الإجتماعى,asset_non_current,True
91110107,ح/ قروض متنوعة,asset_non_current,True
91110200,المستخدم من القروض الخارجية (خارجى),asset_non_current,False
91110201,ح/ القروض الأمريكية,asset_non_current,True
91110202,ح/ قروض هيئة التنمية الدولية,asset_non_current,True
91110203,ح/ قروض البنك الدولى للإنشاء والتعمير,asset_non_current,True
91110204,ح/ قروض بنك التنمية الافريقى,asset_non_current,True
91110205,ح/ قروض البنك الاسلامى للتنمية,asset_non_current,True
91110206,ح/ صندوق العربى للإنماء الاقتصادى والاجتماعى,asset_non_current,True
91110207,ح/ قروض الصندوق السعودى,asset_non_current,True
91110208,ح/ قروض صندوق أبو ظبى,asset_non_current,True
91110209,ح/ قروض الصندوق الكويتى,asset_non_current,True
91110210,ح/ قروض صندوق التنمية الافريقى,asset_non_current,True
91110211,ح/ قروض الصندوق الدولى للتنمية الزراعية,asset_non_current,True
91110212,ح/ صندوق الاوبك للتنمية الدولية,asset_non_current,True
91110213,ح/ القروض الهولندية,asset_non_current,True
91110214,ح/ القروض البلجيكية,asset_non_current,True
91110215,ح/ القروض السويسرية,asset_non_current,True
91110216,ح/ القروض الايطالية,asset_non_current,True
91110217,ح/ القروض اليابانية,asset_non_current,True
91110218,ح/ القروض الفرنسية,asset_non_current,True
91110219,ح/ القروض الصينية,asset_non_current,True
91110220,ح/ القروض الاسبانية,asset_non_current,True
91110221,ح/ القروض الالمانية,asset_non_current,True
91110222,ح/ السندات الدولارية,asset_non_current,True
91110223,ح/ نادى باريس - قروض يابانية,asset_non_current,True
91110224,ح/ نادى باريس - قروض فرنسية,asset_non_current,True
91110225,ح/ نادى باريس - قروض المانية,asset_non_current,True
91110226,ح/ نادى باريس - قروض هولندية,asset_non_current,True
91110227,ح/ نادى باريس - قروض ايطالية,asset_non_current,True
91110228,ح/ نادى باريس - قروض بلجيكية,asset_non_current,True
91110229,ح/ نادى باريس - قروض انجليزية,asset_non_current,True
91110230,ح/ نادى باريس - قروض دنماركية,asset_non_current,True
91110231,ح/ نادى باريس - قروض أسبانية,asset_non_current,True
91110232,ح/ نادى باريس - قروض السويدية,asset_non_current,True
91110233,ح/ نادى باريس - قروض نرويجية,asset_non_current,True
91110234,ح/ نادى باريس - قروض سويسرا,asset_non_current,True
91110235,ح/ نادى باريس - قروض النمسا,asset_non_current,True
91110236,ح/ نادى باريس - قروض أمريكا,asset_non_current,True
91110237,ح/ نادى باريس - قروض كندا,asset_non_current,True
91110238,ح/ نادى باريس - قروض استراليا,asset_non_current,True
91120000,الاستثمارات,asset_non_current,False
91120100,حصص الحكومة فى رؤوس أموال,asset_non_current,False
91120101,ح/ هيئات دولية,asset_non_current,True
91120102,ح/ هيئات أقتصادية,asset_non_current,True
91120103,ح/ شركات قطاع عام,asset_non_current,True
91120104,ح/ شركات قابضة,asset_non_current,True
91120105,ح/ شركات مشتركة,asset_non_current,True
91120106,ح/ شركات أخرى,asset_non_current,True
91120107,ح/ المسحوب من المساهمات للهيئات الاقتصادية,asset_non_current,True
91120200,الاوراق المالية,asset_non_current,False
91120201,ح/ الأوراق المالية المملوكة لوزارة المالية,asset_non_current,True
91120202,ح/الاستثمارات-الاوراق المالية-أذون الخزانة,asset_non_current,True
91120203,ح/الاستثمارات-الاوراق المالية-سندات الخزانة,asset_non_current,True
91120300,السندات الاذنية,asset_non_current,False
91120301,ح/ السندات الاذنية الصادرة على الجهات المستفيدة من القروض,asset_non_current,True
91130000,حسابات نظامية مدينة متنوعة,asset_non_current,False
91130100,الأصول غير المالية,asset_non_current,False
91130101,ح/ مباني سكنية,asset_non_current,True
91130102,ح/ مبانى غير سكنية,asset_non_current,True
91130103,ح/ تشييدات,asset_non_current,True
91130104,ح/ وسائل نقل,asset_non_current,True
91130105,ح/ وسائل إنتقال,asset_non_current,True
91130106,ح/ آلات ومعدات,asset_non_current,True
91130107,ح/ عدد و أدوات,asset_non_current,True
91130108,ح/ تجهيزات,asset_non_current,True
91130109,ح/ ثروة حيوانية و مائية(أصول زراعية),asset_non_current,True
91130110,ح / الأصول - أرضي,asset_non_current,True
91130111,ح / الأصول - مشروعات تحت التنفيذ,asset_non_current,True
91130112,ح / الأصول - أخرى,asset_non_current,True
91130200,الديون المستحقة للحكومة,asset_non_current,False
91130201,ح/ الديون المستحقة للحكومة (متأخرات),asset_non_current,True
91130202,ح/ الديون المستحقة (اختلاسات),asset_non_current,True
91130203,المبالغ الزائدة عن الحد الأقصى للاجور,asset_non_current,True
91130204,الديون المستحقة للحكومة - خطابات التزام,asset_non_current,True
91130205,لديون المستحقة -غرامات التصالح في مخالفات البناء وتقنين أوضاعها (أقساط),asset_non_current,True
91130206,ح/ الديون المستحقة للحكومة-الغير ممكن تحصيلها,asset_non_current,True
91130300,حسابات نظامية مدينة جارية,asset_non_current,False
91130301,ح/ المبالغ المدفوعة مقدماً عن استخدامات جارية,asset_non_current,True
91130302,ح/ المبالغ المدفوعة مقدماً عن بونات وقود وقوى محركة,asset_non_current,True
91130303,ح/ المبالغ المدفوعة عن سلفة مؤقتة,asset_non_current,True
91130304,ح/ مبالغ مدفوعة مقدما على ذمة بدل سفر,asset_non_current,True
91130305,ح/ مبالغ مدفوعة مقدماً على ذمة أمانة - جارى,asset_non_current,True
91130306,ح/ المبالغ المفتوح عنها اعتمادات نقدية بالخارج - جارى,asset_non_current,True
91130307,ح / المبالغ المدفوعة على ذمة بونات وقود وقوى محركة عهدة السيد/ .............,asset_non_current,True
91130308,المبالغ المستحقة عن استخدامات للغير,asset_non_current,True
91130400,حسابات نظامية مدينة استثمارية,asset_non_current,False
91130401,ح/ المبالغ المدفوعة مقدماً عن استخدامات استثمارية,asset_non_current,True
91130402,ح/ مبالغ مدفوعة مقدماً على ذمة أمانة - استثمارى,asset_non_current,True
91130403,ح/ المبالغ المفتوح عنها اعتمادات نقدية بالخارج - استثمارى,asset_non_current,True
91130404,ح/ الاعمال أو التوريدات الخاصة بالباب السادس ولم تسدد,asset_non_current,True
91130500,الكفالات عن تأمينات بموجب خطاب ضمان,asset_non_current,False
91130501,ح/ كفالات عن تأمينات للغير نهائية,asset_non_current,True
91130502,ح/ كفالات عن تأمينات (مؤقتة),asset_non_current,True
91130503,ح/ كفالات دفعات مقدمة,asset_non_current,True
91130504,لكفالات عن خطابات التزام - تامين نهائي,asset_non_current,True
91130505,لكفالات عن خطابات التزام - تامين مؤقت,asset_non_current,True
91130600,حسابات نظامية مدينة متنوعة أخرى,asset_non_current,False
91130601,ح/ المودع من شركات القطاع العام (5% سندات حكومية),asset_non_current,True
91130602,ح/ مشروع رأس المال,asset_non_current,True
91130603,ح/ مشروع معامل دراسية,asset_non_current,True
91130604,ح/ حسابات نظامية مدينة اخرى,asset_non_current,True
91130605,ح/القروض المأخوذة بمعرفة الشركات,asset_non_current,True
92000000,الحسابات النظامية الدائنة,liability_non_current,False
92100000,الحسابات النظامية الدائنة,liability_non_current,False
92110000,القروض,liability_non_current,False
92110100,القروض المحلية (محلى),liability_non_current,False
92110101,ح/ تسوية مطلوبات الحكومة متأخرات,liability_non_current,True
92110102,ح/ قروض الخزانة المصرية,liability_non_current,True
92110103,ح/ قروض عجز السلع التموينية,liability_non_current,True
92110104,ح/ قروض زيادة رؤوس أموال البنوك,liability_non_current,True
92110105,ح/ صكوك صندوقى التأمين العجز الأكتوارى,liability_non_current,True
92110106,ح/ صكوك صندوقى التأمين عجز الموازنة,liability_non_current,True
92110107,ح/ قروض متنوعة,liability_non_current,True
92110200,القروض الخارجية (خارجى),liability_non_current,False
92110201,ح/ القروض الأمريكية,liability_non_current,True
92110202,ح/ قروض هيئة التنمية الدولية,liability_non_current,True
92110203,ح/ قروض البنك الدولى للإنشاء والتعمير,liability_non_current,True
92110204,ح/ قروض بنك التنمية الافريقى,liability_non_current,True
92110205,ح/ قروض البنك الاسلامى للتنمية,liability_non_current,True
92110206,ح/ صندوق العربى للإنماء الاقتصادى والاجتماعى,liability_non_current,True
92110207,ح/ قروض الصندوق السعودى,liability_non_current,True
92110208,ح/ قروض صندوق أبو ظبى,liability_non_current,True
92110209,ح/ قروض الصندوق الكويتى,liability_non_current,True
92110210,ح/ قروض صندوق التنمية الافريقى,liability_non_current,True
92110211,ح/ قروض الصندوق الدولى للتنمية الزراعية,liability_non_current,True
92110212,ح/ صندوق الاوبك للتنمية الدولية,liability_non_current,True
92110213,ح/ القروض الهولندية,liability_non_current,True
92110214,ح/ القروض البلجيكية,liability_non_current,True
92110215,ح/ القروض السويسرية,liability_non_current,True
92110216,ح/ القروض الايطالية,liability_non_current,True
92110217,ح/ القروض اليابانية,liability_non_current,True
92110218,ح/ القروض الفرنسية,liability_non_current,True
92110219,ح/ القروض الصينية,liability_non_current,True
92110220,ح/ القروض الاسبانية,liability_non_current,True
92110221,ح/ القروض الالمانية,liability_non_current,True
92110222,ح/ السندات الدولارية,liability_non_current,True
92110223,ح/ نادى باريس - قروض يابانية,liability_non_current,True
92110224,ح/ نادى باريس - قروض فرنسية,liability_non_current,True
92110225,ح/ نادى باريس - قروض المانية,liability_non_current,True
92110226,ح/ نادى باريس - قروض هولندية,liability_non_current,True
92110227,ح/ نادى باريس - قروض ايطالية,liability_non_current,True
92110228,ح/ نادى باريس - قروض بلجيكية,liability_non_current,True
92110229,ح/ نادى باريس - قروض انجليزية,liability_non_current,True
92110230,ح/ نادى باريس - قروض دنماركية,liability_non_current,True
92110231,ح/ نادى باريس - قروض أسبانية,liability_non_current,True
92110232,ح/ نادى باريس - قروض السويدية,liability_non_current,True
92110233,ح/ نادى باريس - قروض نرويجية,liability_non_current,True
92110234,ح/ نادى باريس - قروض سويسرا,liability_non_current,True
92110235,ح/ نادى باريس - قروض النمسا,liability_non_current,True
92110236,ح/ نادى باريس - قروض أمريكا,liability_non_current,True
92110237,ح/ نادى باريس - قروض كندا,liability_non_current,True
92110238,ح/ نادى باريس - قروض استراليا,liability_non_current,True
92120000,رؤوس الأموال,liability_non_current,False
92120100,نصيب الحكومة فى رؤوس أموال,liability_non_current,False
92120101,ح/ هيئات دولية,liability_non_current,True
92120102,ح/ هيئات أقتصادية,liability_non_current,True
92120103,ح/ شركات قطاع عام,liability_non_current,True
92120104,ح/ شركات قابضة,liability_non_current,True
92120105,ح/ شركات مشتركة,liability_non_current,True
92120106,ح/ شركات أخرى,liability_non_current,True
92120107,ح/ المساهمات المتاحة لتمويل الهيئات الاقتصادية,liability_non_current,True
92120200,المستثمر فى الأوراق المالية,liability_non_current,False
92120201,ح/ المستثمر فى الأوراق المالية (وزارة المالية),liability_non_current,True
92120202,ح/رؤوس الاموال-المستثمر فى الاوراق المالية-أذون الخزانة,liability_non_current,True
92120203,ح/رؤوس الاموال-المستثمر فى الاوراق المالية-سندات الخزانة,liability_non_current,True
92120300,السندات الاذنية,liability_non_current,False
92120301,ح/ القروض المتاحة الصادربها سندات اذنية على الجهات المستفيدة من القروض,liability_non_current,True
92130000,حسابات نظامية دائنة متنوعة,liability_non_current,False
92130100,المال العام المستثمر فى أصول غير مالية,liability_non_current,False
92130101,ح/ المال العام المستثمر فى أصول  (مباني سكنية,liability_non_current,True
92130102,ح/ المال العام المستثمر فى أصول  (مبانى غير سكنية,liability_non_current,True
92130103,ح/ المال العام المستثمر فى أصول  (تشييدات,liability_non_current,True
92130104,ح/ المال العام المستثمر فى أصول  (وسائل نقل,liability_non_current,True
92130105,ح/ المال العام المستثمر فى أصول (وسائل إنتقال,liability_non_current,True
92130106,ح/ المال العام المستثمر فى أصول  (آلات ومعدات,liability_non_current,True
92130107,ح/ المال العام المستثمر فى أصول   (عدد و أدوات,liability_non_current,True
92130108,ح/ المال العام المستثمر فى أصول  (تجهيزات,liability_non_current,True
92130109,ح/ المال العام المستثمر فى أصول  ثروة حيوانية و مائية (أصول زراعية),liability_non_current,True
92130110,ح / المال العام المستثمر في الأصول - أراضي,liability_non_current,True
92130111,ح / المال العام المستثمر في الأصول - مشروعات تحت التنفيذ,liability_non_current,True
92130112,ح / المال العام المستثمر في الأصول - أصول أخرى,liability_non_current,True
92130200,تسوية مطلوبات ومتأخرات الحكومة,liability_non_current,False
92130201,ح/ تسوية مطلوبات الحكومة متأخرات,liability_non_current,True
92130202,ح/ تسوية مطلوبات الحكومة عن اختلاسات,liability_non_current,True
92130203,المبالغ الزائدة عن الحد الأقصى للاجور,liability_non_current,True
92130204,تسوية مطلوبات الحكومة -خطابات التزام,liability_non_current,True
92130205,تسوية مطلوبات - غرامات التصالح في مخالفات البناء وتقنين أوضاعها(أقساط),liability_non_current,True
92130206,ح/تسوية مطلوبات -الغير ممكن تحصيلها,liability_non_current,True
92130300,حسابات نظامية دائنة جارية,liability_non_current,False
92130301,ح/ الأستخدامات المدفوع عنها مبالغ مقدماً ( جارية ),liability_non_current,True
92130302,ح/ الأستخدامات المدفوع عنها مبالغ مقدماً بونات وقود وقوى محركة,liability_non_current,True
92130303,ح/ الاعمال والمشتريات المنصرف عنها سلف مؤقته,liability_non_current,True
92130304,ح/ الاعمال المدفوع عنها مبالغ على ذمة بدل سفر,liability_non_current,True
92130305,ح/ الاستخدامات المدفوع عنها مبالغ أمانة أمانة جارى,liability_non_current,True
92130306,ح/ الاعمال المفتوح عنها اعتمادات نقدية بالخارج - جارى,liability_non_current,True
92130307,ح / الأعمال المدفوعة عنها مبالغ على ذمة بونات وقود وقوى محركة عهدة السيد/ .............,liability_non_current,True
92130308,الاستخدامات المدفوع عنها مبالغ مستحقة للغير,liability_non_current,True
92130400,حسابات نظامية دائنة استثمارية,liability_non_current,False
92130401,ح/ الأستخدامات المدفوع عنها مبالغ مقدماً (استثمارية),liability_non_current,True
92130402,ح/ الاعمال المدفوع عنها مبالغ أمانة - أستثمارى,liability_non_current,True
92130403,ح/ استخدامات الاستثمارية المفتوحة عنها اعتمادات نقدية بالخارج,liability_non_current,True
92130404,ح/ المبالغ المستحقة عن الاعمال والتوريدات بالباب السادس و لم تسدد,liability_non_current,True
92130500,تأمينات  عن كفالات بموجب خطاب ضمان,liability_non_current,False
92130501,ح/ تأمينات عن كفالات نهائية,liability_non_current,True
92130502,ح/ تأمينات عن كفالات مؤقتة,liability_non_current,True
92130503,ح/ تأمينات عن كفالات دفعات مقدمة,liability_non_current,True
92130504,تأمينات الغير -نهائية مقابل خطاب التزام,liability_non_current,True
92130505,تأمينات الغير -مؤقتة مقابل خطاب التزام,liability_non_current,True
92130600,حسابات نظامية دائنة متنوعة أخرى,liability_non_current,False
92130601,ح/ المأخوذ من شركات القطاع العام (5% سندات حكومية),liability_non_current,True
92130602,ح/ أرباح مشروع رأس المال,liability_non_current,True
92130603,ح/ ارباح تشغيل مشروع معامل دراسية,liability_non_current,True
92130604,ح/ حسابات نظامية دائنة أخرى,liability_non_current,True
92130605,ح/ القروض الممنوحة للشركات,liability_non_current,True
